"Country or Area","Year","Sex","Code of City","City","City type","Value","Value Footnotes"
"Åland Islands","2018","Both Sexes","014900","MARIEHAMN","City proper","11709","1"
"Austria","2018","Both Sexes","001110","Bregenz","City proper","29806",""
"Austria","2018","Both Sexes","001115","Eisenstadt","City proper","14476",""
"Austria","2018","Both Sexes","001120","Graz","City proper","286292",""
"Austria","2018","Both Sexes","001130","Innsbruck","City proper","132493",""
"Austria","2018","Both Sexes","001140","Klagenfurt","City proper","100369",""
"Austria","2018","Both Sexes","001150","Linz","City proper","204846",""
"Austria","2018","Both Sexes","001160","Salzburg","City proper","153377",""
"Austria","2018","Both Sexes","001165","Sankt Pölten","City proper","54649",""
"Austria","2018","Both Sexes","001170","WIEN","City proper","1888776",""
"Belarus","2018","Both Sexes","004760","Baranovichi","City proper","179166",""
"Belarus","2018","Both Sexes","004770","Bobruisk","City proper","217546",""
"Belarus","2018","Both Sexes","004780","Borisov","City proper","143051",""
"Belarus","2018","Both Sexes","004790","Brest","City proper","347576",""
"Belarus","2018","Both Sexes","004800","Gomel","Urban agglomeration","535693",""
"Belarus","2018","Both Sexes","004810","Grodno","City proper","370919",""
"Belarus","2018","Both Sexes","004820","Lida","City proper","101616",""
"Belarus","2018","Both Sexes","004830","MINSK","City proper","1982444",""
"Belarus","2018","Both Sexes","004840","Mogilev","City proper","381353",""
"Belarus","2018","Both Sexes","004850","Mozir","City proper","111733",""
"Belarus","2018","Both Sexes","004860","Novopolotsk","Urban agglomeration","107479",""
"Belarus","2018","Both Sexes","004870","Orsha","City proper","115052",""
"Belarus","2018","Both Sexes","004880","Pinsk","City proper","137961",""
"Belarus","2018","Both Sexes","004890","Soligorsk","City proper","106627",""
"Belarus","2018","Both Sexes","004900","Vitebsk","Urban agglomeration","377932",""
"Bulgaria","2018","Both Sexes","004570","Burgas","City proper","202694",""
"Bulgaria","2018","Both Sexes","004590","Pleven","City proper","97557",""
"Bulgaria","2018","Both Sexes","004600","Plovdiv","City proper","345213",""
"Bulgaria","2018","Both Sexes","004610","Ruse","City proper","144125",""
"Bulgaria","2018","Both Sexes","004640","SOFIA","City proper","1238438",""
"Bulgaria","2018","Both Sexes","004650","Stara Zagora","City proper","136307",""
"Bulgaria","2018","Both Sexes","004660","Varna","City proper","335854",""
"Canada","2018","Both Sexes","005085","Abbotsford","City proper","153745","2,3,4"
"Canada","2018","Both Sexes","005090","Abbotsford-Mission","Urban agglomeration","196007","2,3,4"
"Canada","2018","Both Sexes","005095","Ajax","City proper","126924","2,3,4"
"Canada","2018","Both Sexes","005100","Barrie","City proper","147685","2,3,4"
"Canada","2018","Both Sexes","005100","Barrie","Urban agglomeration","210800","2,3,4"
"Canada","2018","Both Sexes","005105","Belleville","City proper","53971","2,3,4"
"Canada","2018","Both Sexes","005105","Belleville","Urban agglomeration","109932","2,3,4"
"Canada","2018","Both Sexes","005110","Brampton","City proper","656977","2,3,4"
"Canada","2018","Both Sexes","005120","Brantford","City proper","104231","2,3,4"
"Canada","2018","Both Sexes","005120","Brantford","Urban agglomeration","147548","2,3,4"
"Canada","2018","Both Sexes","005130","Burlington","City proper","189204","2,3,4"
"Canada","2018","Both Sexes","005140","Burnaby","City proper","248071","2,3,4"
"Canada","2018","Both Sexes","005150","Calgary","City proper","1311833","2,3,4"
"Canada","2018","Both Sexes","005150","Calgary","Urban agglomeration","1486050","2,3,4"
"Canada","2018","Both Sexes","005160","Cambridge","City proper","136945","2,3,4"
"Canada","2018","Both Sexes","005170","Cape Breton","City proper","95163","2,3,4"
"Canada","2018","Both Sexes","005170","Cape Breton","Urban agglomeration","99805","2,3,4"
"Canada","2018","Both Sexes","005180","Chatham-Kent","City proper","105445","2,3,4"
"Canada","2018","Both Sexes","005180","Chatham-Kent","Urban agglomeration","105877","2,3,4"
"Canada","2018","Both Sexes","005185","Chilliwack","City proper","91346","2,3,4"
"Canada","2018","Both Sexes","005185","Chilliwack","Urban agglomeration","110600","2,3,4"
"Canada","2018","Both Sexes","005190","Coquitlam","City proper","149391","2,3,4"
"Canada","2018","Both Sexes","005195","Delta","City proper","108724","2,3,4"
"Canada","2018","Both Sexes","005210","Edmonton","City proper","1004947","2,3,4"
"Canada","2018","Both Sexes","005210","Edmonton","Urban agglomeration","1420916","2,3,4"
"Canada","2018","Both Sexes","005230","Gatineau","City proper","282596","2,3,4"
"Canada","2018","Both Sexes","005250","Greater Sudbury / Grand Sudbury","City proper","168141","2,3,4"
"Canada","2018","Both Sexes","005250","Greater Sudbury / Grand Sudbury","Urban agglomeration","171471","2,3,4"
"Canada","2018","Both Sexes","005260","Guelph","City proper","140683","2,3,4"
"Canada","2018","Both Sexes","005260","Guelph","Urban agglomeration","162612","2,3,4"
"Canada","2018","Both Sexes","005270","Halifax","City proper","430230","2,3,4"
"Canada","2018","Both Sexes","005270","Halifax","Urban agglomeration","430512","2,3,4"
"Canada","2018","Both Sexes","005280","Hamilton","City proper","567979","2,3,4"
"Canada","2018","Both Sexes","005280","Hamilton","Urban agglomeration","786641","2,3,4"
"Canada","2018","Both Sexes","005285","Kamloops","City proper","97842","2,3,4"
"Canada","2018","Both Sexes","005285","Kamloops","Urban agglomeration","112361","2,3,4"
"Canada","2018","Both Sexes","005290","Kelowna","City proper","138513","2,3,4"
"Canada","2018","Both Sexes","005290","Kelowna","Urban agglomeration","212311","2,3,4"
"Canada","2018","Both Sexes","005300","Kingston","City proper","132943","2,3,4"
"Canada","2018","Both Sexes","005300","Kingston","Urban agglomeration","173450","2,3,4"
"Canada","2018","Both Sexes","005305","Kitchener","City proper","254740","2,3,4"
"Canada","2018","Both Sexes","005310","Kitchener-Cambridge-Waterloo","Urban agglomeration","567740","2,3,4"
"Canada","2018","Both Sexes","005315","Langley","City proper","128487","2,3,4"
"Canada","2018","Both Sexes","005320","Laval","City proper","432858","2,3,4"
"Canada","2018","Both Sexes","005322","Lethbridge","City proper","98960","2,3,4"
"Canada","2018","Both Sexes","005322","Lethbridge","Urban agglomeration","124553","2,3,4"
"Canada","2018","Both Sexes","005325","Lévis V","City proper","146080","2,3,4"
"Canada","2018","Both Sexes","005330","London","City proper","414959","2,3,4"
"Canada","2018","Both Sexes","005330","London","Urban agglomeration","532984","2,3,4"
"Canada","2018","Both Sexes","005340","Longueuil","City proper","243921","2,3,4"
"Canada","2018","Both Sexes","005350","Markham","City proper","336445","2,3,4"
"Canada","2018","Both Sexes","005365","Milton","City proper","120558","2,3,4"
"Canada","2018","Both Sexes","005370","Mississauga","City proper","747651","2,3,4"
"Canada","2018","Both Sexes","005380","Moncton","City proper","75613","2,3,4"
"Canada","2018","Both Sexes","005380","Moncton","Urban agglomeration","152604","2,3,4"
"Canada","2018","Both Sexes","005390","Montréal","City proper","1784420","2,3,4"
"Canada","2018","Both Sexes","005390","Montréal","Urban agglomeration","4255541","2,3,4"
"Canada","2018","Both Sexes","005395","Nanaimo","City proper","97826","2,3,4"
"Canada","2018","Both Sexes","005395","Nanaimo","Urban agglomeration","112881","2,3,4"
"Canada","2018","Both Sexes","005420","Oakville","City proper","206452","2,3,4"
"Canada","2018","Both Sexes","005430","Oshawa","City proper","169509","2,3,4"
"Canada","2018","Both Sexes","005430","Oshawa","Urban agglomeration","405631","2,3,4"
"Canada","2018","Both Sexes","005439","OTTAWA","City proper","1007501","2,3,4"
"Canada","2018","Both Sexes","005440","Ottawa - Gatineau","Urban agglomeration","1414399","2,3,4"
"Canada","2018","Both Sexes","005450","Peterborough","City proper","86538","2,3,4"
"Canada","2018","Both Sexes","005450","Peterborough","Urban agglomeration","131283","2,3,4"
"Canada","2018","Both Sexes","005460","Québec","City proper","542602","2,3,4"
"Canada","2018","Both Sexes","005460","Québec","Urban agglomeration","817408","2,3,4"
"Canada","2018","Both Sexes","005465","Red Deer","City proper","104493","2,3,4"
"Canada","2018","Both Sexes","005470","Regina","City proper","233170","2,3,4"
"Canada","2018","Both Sexes","005470","Regina","Urban agglomeration","257337","2,3,4"
"Canada","2018","Both Sexes","005480","Richmond","City proper","209838","2,3,4"
"Canada","2018","Both Sexes","005490","Richmond Hill","City proper","199496","2,3,4"
"Canada","2018","Both Sexes","005500","Saanich","City proper","121032","2,3,4"
"Canada","2018","Both Sexes","005510","Saguenay","City proper","146436","2,3,4"
"Canada","2018","Both Sexes","005510","Saguenay","Urban agglomeration","162057","2,3,4"
"Canada","2018","Both Sexes","005520","Saint John","City proper","70455","2,3,4"
"Canada","2018","Both Sexes","005520","Saint John","Urban agglomeration","130107","2,3,4"
"Canada","2018","Both Sexes","005530","Saskatoon","City proper","268188","2,3,4"
"Canada","2018","Both Sexes","005530","Saskatoon","Urban agglomeration","322568","2,3,4"
"Canada","2018","Both Sexes","005550","Sherbrooke","City proper","166863","2,3,4"
"Canada","2018","Both Sexes","005550","Sherbrooke","Urban agglomeration","218797","2,3,4"
"Canada","2018","Both Sexes","005555","St. Catharines","City proper","139168","2,3,4"
"Canada","2018","Both Sexes","005560","St. Catharines-Niagara","Urban agglomeration","429036","2,3,4"
"Canada","2018","Both Sexes","005570","St. John's","City proper","110999","2,3,4"
"Canada","2018","Both Sexes","005570","St. John's","Urban agglomeration","212501","2,3,4"
"Canada","2018","Both Sexes","005580","Surrey","City proper","568158","2,3,4"
"Canada","2018","Both Sexes","005595","Terrebonne","City proper","115484","2,3,4"
"Canada","2018","Both Sexes","005600","Thunder Bay","City proper","112014","2,3,4"
"Canada","2018","Both Sexes","005600","Thunder Bay","Urban agglomeration","126481","2,3,4"
"Canada","2018","Both Sexes","005610","Toronto","City proper","2956024","2,3,4"
"Canada","2018","Both Sexes","005610","Toronto","Urban agglomeration","6341935","2,3,4"
"Canada","2018","Both Sexes","005620","Trois-Rivières","City proper","136954","2,3,4"
"Canada","2018","Both Sexes","005620","Trois-Rivières","Urban agglomeration","159078","2,3,4"
"Canada","2018","Both Sexes","005630","Vancouver","City proper","676593","2,3,4"
"Canada","2018","Both Sexes","005630","Vancouver","Urban agglomeration","2650005","2,3,4"
"Canada","2018","Both Sexes","005640","Vaughan","City proper","318279","2,3,4"
"Canada","2018","Both Sexes","005650","Victoria","City proper","92292","2,3,4"
"Canada","2018","Both Sexes","005650","Victoria","Urban agglomeration","395523","2,3,4"
"Canada","2018","Both Sexes","005652","Waterloo","City proper","115921","2,3,4"
"Canada","2018","Both Sexes","005655","Whitby","City proper","135345","2,3,4"
"Canada","2018","Both Sexes","005660","Windsor","City proper","229787","2,3,4"
"Canada","2018","Both Sexes","005660","Windsor","Urban agglomeration","349718","2,3,4"
"Canada","2018","Both Sexes","005670","Winnipeg","City proper","753674","2,3,4"
"Canada","2018","Both Sexes","005670","Winnipeg","Urban agglomeration","832186","2,3,4"
"China, Hong Kong SAR","2018","Both Sexes","016970","HONG KONG SAR","City proper","7451000",""
"Costa Rica","2018","Both Sexes","013820","Alajuela","City proper","306206","5,6"
"Costa Rica","2018","Both Sexes","013821","Alajuelita","City proper","91917","5,6"
"Costa Rica","2018","Both Sexes","013830","Cartago","City proper","161727","5,6"
"Costa Rica","2018","Both Sexes","013835","Desamparados","City proper","240671","5,6"
"Costa Rica","2018","Both Sexes","013836","Goicoechea","City proper","136112","5,6"
"Costa Rica","2018","Both Sexes","013840","Heredia","City proper","140131","5,6"
"Costa Rica","2018","Both Sexes","013841","La Unión","City proper","110194","5,6"
"Costa Rica","2018","Both Sexes","013850","Limón","City proper","99212","5,6"
"Costa Rica","2018","Both Sexes","013851","Pavas","City proper","86000","5,6"
"Costa Rica","2018","Both Sexes","013855","Pérez Zeledón","City proper","142789","5,6"
"Costa Rica","2018","Both Sexes","013860","Puntarenas","City proper","136328","5,6"
"Costa Rica","2018","Both Sexes","013866","San Carlos","City proper","194207","5,6"
"Costa Rica","2018","Both Sexes","013870","SAN JOSÉ","City proper","342188","5,6"
"Costa Rica","2018","Both Sexes","013985","Pococí","City proper","146482","5,6"
"Cuba","2018","Both Sexes","013920","Bayamo","City proper","159797.298902928",""
"Cuba","2018","Both Sexes","013930","Camagüey","City proper","307527.18641163",""
"Cuba","2018","Both Sexes","013950","Ciego de Ávila","City proper","120152.557014113",""
"Cuba","2018","Both Sexes","013960","Cienfuegos","City proper","151287.165640015",""
"Cuba","2018","Both Sexes","013970","Guantánamo","City proper","215847.154901444",""
"Cuba","2018","Both Sexes","013980","Holguín","City proper","296199.026429795",""
"Cuba","2018","Both Sexes","013990","LA HABANA","City proper","2130516.5",""
"Cuba","2018","Both Sexes","014000","Las Tunas","City proper","171631.259452883",""
"Cuba","2018","Both Sexes","014010","Matanzas","City proper","141908.556207161",""
"Cuba","2018","Both Sexes","014020","Pinar del Río","City proper","144102.273508239",""
"Cuba","2018","Both Sexes","014040","Sancti Spíritus","City proper","108883",""
"Cuba","2018","Both Sexes","014050","Santa Clara","City proper","216497.993560697",""
"Cuba","2018","Both Sexes","014060","Santiago de Cuba","City proper","433539.660182045",""
"Czechia","2018","Both Sexes","014110","Brno","City proper","379527",""
"Czechia","2018","Both Sexes","014120","Hradec Králové","City proper","92917",""
"Czechia","2018","Both Sexes","014130","Liberec","City proper","103979",""
"Czechia","2018","Both Sexes","014140","Olomouc","City proper","100494",""
"Czechia","2018","Both Sexes","014150","Ústí nad Labem","City proper","93040",""
"Czechia","2018","Both Sexes","014160","Ostrava","City proper","290450",""
"Czechia","2018","Both Sexes","014170","Plzen","City proper","170936",""
"Czechia","2018","Both Sexes","014180","PRAHA","City proper","1294513",""
"Denmark","2018","Both Sexes","014240","Ålborg","City proper","213271","1,7"
"Denmark","2018","Both Sexes","014250","Århus","City proper","341497","1,7"
"Denmark","2018","Both Sexes","014255","Esbjerg","City proper","116061","1,7"
"Denmark","2018","Both Sexes","014257","Frederiksberg","City proper","103914","1,7"
"Denmark","2018","Both Sexes","014260","KOBENHAVN","City proper","616098","1,7"
"Denmark","2018","Both Sexes","014270","Odense","City proper","202663","1,7"
"Denmark","2018","Both Sexes","014275","Vejle","City proper","114464","1,7"
"Estonia","2018","Both Sexes","014770","TALLINN","City proper","430805",""
"Estonia","2018","Both Sexes","014780","Tartu","City proper","93715",""
"Faeroe Islands","2018","Both Sexes","014790","TÓRSHAVN","City proper","13262",""
"Faeroe Islands","2018","Both Sexes","014790","TÓRSHAVN","Urban agglomeration","19600",""
"Germany","2018","Both Sexes","015490","Aachen","City proper","246272","8"
"Germany","2018","Both Sexes","015500","Augsburg","City proper","292851","8"
"Germany","2018","Both Sexes","015510","Bergisch Gladbach","City proper","111627","8"
"Germany","2018","Both Sexes","015520","BERLIN","City proper","3613495","8"
"Germany","2018","Both Sexes","015530","Bielefeld","City proper","332552","8"
"Germany","2018","Both Sexes","015540","Bochum","City proper","365529","8"
"Germany","2018","Both Sexes","015550","Bonn","City proper","325490","8"
"Germany","2018","Both Sexes","015560","Bottrop","City proper","117364","8"
"Germany","2018","Both Sexes","015570","Braunschweig","City proper","248023","8"
"Germany","2018","Both Sexes","015580","Bremen","City proper","568006","8"
"Germany","2018","Both Sexes","015590","Bremerhaven","City proper","113026","8"
"Germany","2018","Both Sexes","015600","Chemnitz","City proper","246855","8"
"Germany","2018","Both Sexes","015610","Cottbus","City proper","101036","8"
"Germany","2018","Both Sexes","015620","Darmstadt","City proper","158254","8"
"Germany","2018","Both Sexes","015630","Dortmund","City proper","586600","8"
"Germany","2018","Both Sexes","015640","Dresden","City proper","551072","8"
"Germany","2018","Both Sexes","015650","Duisburg","City proper","498110","8"
"Germany","2018","Both Sexes","015660","Düsseldorf","City proper","617280","8"
"Germany","2018","Both Sexes","015670","Erfurt","City proper","212988","8"
"Germany","2018","Both Sexes","015680","Erlangen","City proper","110998","8"
"Germany","2018","Both Sexes","015690","Essen","City proper","583393","8"
"Germany","2018","Both Sexes","015700","Frankfurt am Main","City proper","746878","8"
"Germany","2018","Both Sexes","015710","Freiburg im Breisgau","City proper","229636","8"
"Germany","2018","Both Sexes","015720","Fürth","City proper","126526","8"
"Germany","2018","Both Sexes","015730","Gelsenkirchen","City proper","260305","8"
"Germany","2018","Both Sexes","015750","Göttingen","City proper","119529","8"
"Germany","2018","Both Sexes","015760","Hagen","City proper","187730","8"
"Germany","2018","Both Sexes","015770","Halle (Saale)","City proper","239173","8"
"Germany","2018","Both Sexes","015780","Hamburg","City proper","1830584","8"
"Germany","2018","Both Sexes","015790","Hamm","City proper","179185","8"
"Germany","2018","Both Sexes","015800","Hannover","City proper","535061","8"
"Germany","2018","Both Sexes","015810","Heidelberg","City proper","160601","8"
"Germany","2018","Both Sexes","015820","Heilbronn","City proper","125113","8"
"Germany","2018","Both Sexes","015830","Herne","City proper","156490","8"
"Germany","2018","Both Sexes","015840","Hildesheim","City proper","101744","8"
"Germany","2018","Both Sexes","015850","Ingolstadt","City proper","135244","8"
"Germany","2018","Both Sexes","015860","Jena","City proper","111099","8"
"Germany","2018","Both Sexes","015880","Karlsruhe","City proper","311919","8"
"Germany","2018","Both Sexes","015890","Kassel","City proper","200736","8"
"Germany","2018","Both Sexes","015900","Kiel","City proper","247943","8"
"Germany","2018","Both Sexes","015910","Koblenz","City proper","113844","8"
"Germany","2018","Both Sexes","015920","Köln","City proper","1080394","8"
"Germany","2018","Both Sexes","015930","Krefeld","City proper","226699","8"
"Germany","2018","Both Sexes","015940","Leipzig","City proper","581980","8"
"Germany","2018","Both Sexes","015950","Leverkusen","City proper","163577","8"
"Germany","2018","Both Sexes","015960","Lübeck","City proper","216318","8"
"Germany","2018","Both Sexes","015970","Ludwigshafen am Rhein","City proper","168497","8"
"Germany","2018","Both Sexes","015980","Magdeburg","City proper","238478","8"
"Germany","2018","Both Sexes","015990","Mainz","City proper","215110","8"
"Germany","2018","Both Sexes","016000","Mannheim","City proper","307997","8"
"Germany","2018","Both Sexes","016010","Moers","City proper","103949","8"
"Germany","2018","Both Sexes","016020","Mönchengladbach","City proper","262188","8"
"Germany","2018","Both Sexes","016030","Mülheim an der Ruhr","City proper","171265","8"
"Germany","2018","Both Sexes","016040","München","City proper","1456039","8"
"Germany","2018","Both Sexes","016050","Münster (Westf.)","City proper","313559","8"
"Germany","2018","Both Sexes","016060","Neuss","City proper","153810","8"
"Germany","2018","Both Sexes","016070","Nürnberg","City proper","515201","8"
"Germany","2018","Both Sexes","016080","Oberhausen","City proper","211422","8"
"Germany","2018","Both Sexes","016090","Offenbach am Main","City proper","126658","8"
"Germany","2018","Both Sexes","016100","Oldenburg (Oldenburg)","City proper","167081","8"
"Germany","2018","Both Sexes","016110","Osnabrück","City proper","164374","8"
"Germany","2018","Both Sexes","016120","Paderborn","City proper","149075","8"
"Germany","2018","Both Sexes","016130","Pforzheim","City proper","124289","8"
"Germany","2018","Both Sexes","016140","Potsdam","City proper","175710","8"
"Germany","2018","Both Sexes","016150","Recklinghausen","City proper","113360","8"
"Germany","2018","Both Sexes","016160","Regensburg","City proper","150894","8"
"Germany","2018","Both Sexes","016170","Remscheid","City proper","110584","8"
"Germany","2018","Both Sexes","016180","Reutlingen","City proper","115762","8"
"Germany","2018","Both Sexes","016190","Rostock","City proper","208409","8"
"Germany","2018","Both Sexes","016200","Saarbrücken","City proper","180966","8"
"Germany","2018","Both Sexes","016210","Salzgitter","City proper","104548","8"
"Germany","2018","Both Sexes","016230","Siegen","City proper","102337","8"
"Germany","2018","Both Sexes","016240","Solingen","City proper","158803","8"
"Germany","2018","Both Sexes","016250","Stuttgart","City proper","632743","8"
"Germany","2018","Both Sexes","016255","Trier","City proper","110013","8"
"Germany","2018","Both Sexes","016260","Ulm","City proper","125596","8"
"Germany","2018","Both Sexes","016270","Wiesbaden","City proper","278654","8"
"Germany","2018","Both Sexes","016290","Wolfsburg","City proper","123914","8"
"Germany","2018","Both Sexes","016300","Wuppertal","City proper","353590","8"
"Germany","2018","Both Sexes","016310","Würzburg","City proper","126635","8"
"Greenland","2018","Both Sexes","016540","NUUK (GODTHAB)","City proper","17798","1"
"Kazakhstan","2018","Both Sexes","026910","Aktau","City proper","182415","9"
"Kazakhstan","2018","Both Sexes","026930","Aktobe","City proper","482523","9"
"Kazakhstan","2018","Both Sexes","026940","Almaty","City proper","1828324.5","9"
"Kazakhstan","2018","Both Sexes","026950","ASTANA","City proper","1054480.5","9"
"Kazakhstan","2018","Both Sexes","026960","Atirau","City proper","267762","9"
"Kazakhstan","2018","Both Sexes","026990","Ekibastuz","City proper","143348","9"
"Kazakhstan","2018","Both Sexes","027000","Karaganda","City proper","499467","9"
"Kazakhstan","2018","Both Sexes","027010","Koktshetau","City proper","148053","9"
"Kazakhstan","2018","Both Sexes","027020","Kustanai","City proper","241341.5","9"
"Kazakhstan","2018","Both Sexes","027030","Kyzylorda","City proper","271069","9"
"Kazakhstan","2018","Both Sexes","027040","Pavlodar","City proper","344343","9"
"Kazakhstan","2018","Both Sexes","027050","Petropavlovsk (Severo- Kazakhstanskaya oblast)","City proper","218493.5","9"
"Kazakhstan","2018","Both Sexes","027060","Rudni","City proper","129507","9"
"Kazakhstan","2018","Both Sexes","027070","Semipalatinsk","City proper","326272.5","9"
"Kazakhstan","2018","Both Sexes","027090","Shimkent","City proper","980628","9"
"Kazakhstan","2018","Both Sexes","027100","Taldykorgan","City proper","145288","9"
"Kazakhstan","2018","Both Sexes","027110","Taraz","City proper","356808","9"
"Kazakhstan","2018","Both Sexes","027120","Temirtau","City proper","186109.5","9"
"Kazakhstan","2018","Both Sexes","027125","Turkestan","City proper","163142.5","9"
"Kazakhstan","2018","Both Sexes","027130","Uralsk","City proper","301330","9"
"Kazakhstan","2018","Both Sexes","027140","Ust-Kamenogorsk","City proper","330352","9"
"Kazakhstan","2018","Both Sexes","027148","Zhanaozen","City proper","81497","9"
"Latvia","2018","Both Sexes","028320","Daugavpils","City proper","83250",""
"Latvia","2018","Both Sexes","028350","RIGA","City proper","637971",""
"Liechtenstein","2018","Both Sexes","028440","VADUZ","City proper","5605",""
"Luxembourg","2018","Both Sexes","028500","LUXEMBOURG-VILLE","City proper","116323",""
"Malaysia","2018","Both Sexes","028610","Alor Setar","City proper","134611","10"
"Malaysia","2018","Both Sexes","028621","Bintulu Townland","City proper","138829","10"
"Malaysia","2018","Both Sexes","028629","Georgetown","City proper","224256","10"
"Malaysia","2018","Both Sexes","028630","Majlis Perbandaran Ipoh","City proper","483299","10"
"Malaysia","2018","Both Sexes","028640","MB Johor Bahru (Johor Bahru)","City proper","510788","10"
"Malaysia","2018","Both Sexes","028649","Kajang dan Sungai Chua","City proper","113053","10"
"Malaysia","2018","Both Sexes","028660","Klang","City proper","292134","10"
"Malaysia","2018","Both Sexes","028670","MP Kota Bharu","City proper","325913","10"
"Malaysia","2018","Both Sexes","028680","Kota Kinabalu","City proper","248893","10"
"Malaysia","2018","Both Sexes","028690","KUALA LUMPUR","City proper","1824323","10"
"Malaysia","2018","Both Sexes","028700","Kuala Terengganu","City proper","241583","10"
"Malaysia","2018","Both Sexes","028710","Kuantan","City proper","412022","10"
"Malaysia","2018","Both Sexes","028720","Kuching "Bandaraya Kuching Utara dan Selatan"","City proper","155675","10"
"Malaysia","2018","Both Sexes","028730","Miri Townland","City proper","153663","10"
"Malaysia","2018","Both Sexes","028740","Petaling Jaya","City proper","215152","10"
"Malaysia","2018","Both Sexes","028750","Sandakan","City proper","199648","10"
"Malaysia","2018","Both Sexes","028760","Selayang Baru","City proper","183759","10"
"Malaysia","2018","Both Sexes","028770","Seremban","City proper","378429","10"
"Malaysia","2018","Both Sexes","028780","Shah Alam","City proper","192055","10"
"Malaysia","2018","Both Sexes","028790","Sibu "Majlis Perbandaran Sibu"","City proper","190384","10"
"Malaysia","2018","Both Sexes","028791","Subang Jaya","City proper","208353","10"
"Malaysia","2018","Both Sexes","028800","Sungai Petani","City proper","199141","10"
"Malaysia","2018","Both Sexes","028810","Taiping","City proper","241470","10"
"Malaysia","2018","Both Sexes","028820","Tawau","City proper","145022","10"
"Maldives","2018","Both Sexes","028830","MALÉ","City proper","210247.93700458","11"
"Mauritius","2018","Both Sexes","028960","Beau Bassin - Rose Hill","City proper","104086","12"
"Mauritius","2018","Both Sexes","028970","PORT LOUIS","City proper","147448","12"
"Mauritius","2018","Both Sexes","028980","Vacoas - Phoenix","City proper","106022","12"
"Mexico","2018","Both Sexes","028990","Acapulco","Urban agglomeration","935273.03578273","13"
"Mexico","2018","Both Sexes","029000","Acayucan","Urban agglomeration","122232.98267267","13"
"Mexico","2018","Both Sexes","029010","Aguascalientes","Urban agglomeration","1056560.97014274","13"
"Mexico","2018","Both Sexes","029040","Apatzingán de la Constitución","Urban agglomeration","102668.106971754","13"
"Mexico","2018","Both Sexes","029100","Campeche","Urban agglomeration","298741.250009849","13"
"Mexico","2018","Both Sexes","029110","Cancún","Urban agglomeration","869664.831790213","13"
"Mexico","2018","Both Sexes","029115","Cárdenas","Urban agglomeration","106341.042141084","13"
"Mexico","2018","Both Sexes","029120","Celaya","Urban agglomeration","748825.372221844","13"
"Mexico","2018","Both Sexes","029150","Chetumal","Urban agglomeration","258538.683780946","13"
"Mexico","2018","Both Sexes","029160","Chihuahua","Urban agglomeration","979562.810742596","13"
"Mexico","2018","Both Sexes","029170","Chilpacingo de los Bravo","Urban agglomeration","321080.574632013","13"
"Mexico","2018","Both Sexes","029190","Ciudad Acuña","Urban agglomeration","147888.210573176","13"
"Mexico","2018","Both Sexes","029210","Ciudad Del Carmen","Urban agglomeration","194484.32035748","13"
"Mexico","2018","Both Sexes","029225","Ciudad Guzmán","Urban agglomeration","105539.369810709","13"
"Mexico","2018","Both Sexes","029260","Ciudad Obregón","Urban agglomeration","347857.297650996","13"
"Mexico","2018","Both Sexes","029280","Ciudad Valles","Urban agglomeration","135937.728078661","13"
"Mexico","2018","Both Sexes","029290","Ciudad Victoria","Urban agglomeration","365089.017693922","13"
"Mexico","2018","Both Sexes","029300","Coatzacoalcos","Urban agglomeration","379805.193554138","13"
"Mexico","2018","Both Sexes","029305","Colima-Villa de Álvarez","Urban agglomeration","388618.195420653","13"
"Mexico","2018","Both Sexes","029315","Comitán de Domínguez","Urban agglomeration","114135.859645339","13"
"Mexico","2018","Both Sexes","029320","Córdoba","Urban agglomeration","341041.175292691","13"
"Mexico","2018","Both Sexes","029360","Cuauhtemoc","Urban agglomeration","134524.831111515","13"
"Mexico","2018","Both Sexes","029380","Cuautla","Urban agglomeration","491749.932873721","13"
"Mexico","2018","Both Sexes","029390","Cuernavaca","Urban agglomeration","1032278.14681927","13"
"Mexico","2018","Both Sexes","029400","Culiacán Rosales","Urban agglomeration","966608.723244608","13"
"Mexico","2018","Both Sexes","029410","Delicias","Urban agglomeration","206089.996492098","13"
"Mexico","2018","Both Sexes","029420","Victoria de Durango","Urban agglomeration","660663.443584014","13"
"Mexico","2018","Both Sexes","029440","Ensenada","Urban agglomeration","542896.184677777","13"
"Mexico","2018","Both Sexes","029450","Fresnillo","Urban agglomeration","136447.506883987","13"
"Mexico","2018","Both Sexes","029470","Guadalajara","Urban agglomeration","5060750.36486189","13"
"Mexico","2018","Both Sexes","029490","Guanajuato","Urban agglomeration","187489.814798544","13"
"Mexico","2018","Both Sexes","029500","Guaymas","Urban agglomeration","231206.071019512","13"
"Mexico","2018","Both Sexes","029520","Hermosillo","Urban agglomeration","907233.481161984","13"
"Mexico","2018","Both Sexes","029530","Hidalgo del Parral","Urban agglomeration","124394.859305635","13"
"Mexico","2018","Both Sexes","029540","Iguala de la Independencia","Urban agglomeration","122789.895183748","13"
"Mexico","2018","Both Sexes","029550","Irapuato","Urban agglomeration","420701.54117219","13"
"Mexico","2018","Both Sexes","029610","Juárez","Urban agglomeration","1462133.34031087","13"
"Mexico","2018","Both Sexes","029615","La Laguna","Urban agglomeration","1417538.08280383","13"
"Mexico","2018","Both Sexes","029635","La Paz","Urban agglomeration","313203.618040315","13"
"Mexico","2018","Both Sexes","029640","La Piedad-Pénjamo","Urban agglomeration","266495.149420144","13"
"Mexico","2018","Both Sexes","029645","Lagos de Moreno","Urban agglomeration","109186.39535666","13"
"Mexico","2018","Both Sexes","029650","Ciudad Lázaro Cárdenas","Urban agglomeration","145394.270137253","13"
"Mexico","2018","Both Sexes","029660","León","Urban agglomeration","1757811.42395644","13"
"Mexico","2018","Both Sexes","029670","Los Mochis","Urban agglomeration","294683.663697407","13"
"Mexico","2018","Both Sexes","029690","Manzanillo","Urban agglomeration","165808.510142837","13"
"Mexico","2018","Both Sexes","029700","Matamoros","Urban agglomeration","542609.039289152","13"
"Mexico","2018","Both Sexes","029710","Mazatlán","Urban agglomeration","492419.887034297","13"
"Mexico","2018","Both Sexes","029720","Mérida","Urban agglomeration","1196519.71527993","13"
"Mexico","2018","Both Sexes","029740","Mexicali","Urban agglomeration","1065882.36661275","13"
"Mexico","2018","Both Sexes","029750","MEXICO, CIUDAD DE","Urban agglomeration","21800319.66967","13"
"Mexico","2018","Both Sexes","029770","Minatitlán","Urban agglomeration","387131.125612201","13"
"Mexico","2018","Both Sexes","029780","Monclova-Frontera","Urban agglomeration","374058.380630511","13"
"Mexico","2018","Both Sexes","029790","Monterrey","Urban agglomeration","4834970.59583854","13"
"Mexico","2018","Both Sexes","029800","Morelia","Urban agglomeration","908203.343542261","13"
"Mexico","2018","Both Sexes","029810","Moroleón Uriangato","Urban agglomeration","115792.986534525","13"
"Mexico","2018","Both Sexes","029840","Navojoa","Urban agglomeration","130445.927677549","13"
"Mexico","2018","Both Sexes","029860","Heroica Nogales","Urban agglomeration","256387.381276557","13"
"Mexico","2018","Both Sexes","029870","Nuevo Laredo","Urban agglomeration","428926.501677091","13"
"Mexico","2018","Both Sexes","029880","Oaxaca","Urban agglomeration","683127.835833311","13"
"Mexico","2018","Both Sexes","029890","Ocotlán","Urban agglomeration","179112.508691471","13"
"Mexico","2018","Both Sexes","029900","Orizaba","Urban agglomeration","463766.843798628","13"
"Mexico","2018","Both Sexes","029910","Pachuca","Urban agglomeration","594972.419265193","13"
"Mexico","2018","Both Sexes","029920","Piedras Negras","Urban agglomeration","197488.16449147","13"
"Mexico","2018","Both Sexes","029925","Playa del Carmen","Urban agglomeration","214733.988275394","13"
"Mexico","2018","Both Sexes","029930","Poza Rica","Urban agglomeration","548859.117211766","13"
"Mexico","2018","Both Sexes","029940","Puebla-Tlaxcala","Urban agglomeration","3046765.55915237","13"
"Mexico","2018","Both Sexes","029950","Puerto Vallarta","Urban agglomeration","469204.284452303","13"
"Mexico","2018","Both Sexes","029960","Querétaro","Urban agglomeration","1337685.86854382","13"
"Mexico","2018","Both Sexes","029970","Reynosa-Río Bravo","Urban agglomeration","843967.955210713","13"
"Mexico","2018","Both Sexes","029980","Rioverde-Ciudad Fernández","Urban agglomeration","146908.415106096","13"
"Mexico","2018","Both Sexes","029990","Salamanca","Urban agglomeration","173831.178789098","13"
"Mexico","2018","Both Sexes","030000","Saltillo","Urban agglomeration","935662.999312333","13"
"Mexico","2018","Both Sexes","030010","San Cristóbal de las Casas","Urban agglomeration","179647.920580509","13"
"Mexico","2018","Both Sexes","030030","San Francisco del Rincón","Urban agglomeration","200317.625247271","13"
"Mexico","2018","Both Sexes","030033","San José del Cabo","Urban agglomeration","105368.524862019","13"
"Mexico","2018","Both Sexes","030035","San Juan Bautista Tuxtepec","Urban agglomeration","114259.424508634","13"
"Mexico","2018","Both Sexes","030040","San Juan del Río","Urban agglomeration","157552.44420179","13"
"Mexico","2018","Both Sexes","030050","San Luis Potosí-Soledad de Graciano Sánchez","Urban agglomeration","1188220.98650622","13"
"Mexico","2018","Both Sexes","030060","San Luis Rio Colorado","Urban agglomeration","182121.159104509","13"
"Mexico","2018","Both Sexes","030120","Tampico","Urban agglomeration","955119.499949038","13"
"Mexico","2018","Both Sexes","030130","Tapachula de Cordova y Ordoñez","Urban agglomeration","369197.534431283","13"
"Mexico","2018","Both Sexes","030140","Tecomán","Urban agglomeration","164540.603555013","13"
"Mexico","2018","Both Sexes","030150","Tehuacán","Urban agglomeration","329094.077879867","13"
"Mexico","2018","Both Sexes","030155","Tehuantepec","Urban agglomeration","180296.080657155","13"
"Mexico","2018","Both Sexes","030157","Tepatitlán De Morelos","Urban agglomeration","103284.050690618","13"
"Mexico","2018","Both Sexes","030160","Tepic","Urban agglomeration","512386.06999174","13"
"Mexico","2018","Both Sexes","030175","Teziutlán","Urban agglomeration","135074.227857941","13"
"Mexico","2018","Both Sexes","030178","Tianguistenco","Urban agglomeration","188473.699804948","13"
"Mexico","2018","Both Sexes","030180","Tijuana","Urban agglomeration","2024993.64718635","13"
"Mexico","2018","Both Sexes","030230","Tlaxcala","Urban agglomeration","568140.099560412","13"
"Mexico","2018","Both Sexes","030240","Toluca","Urban agglomeration","2386156.70356826","13"
"Mexico","2018","Both Sexes","030270","Tula","Urban agglomeration","227414.887420413","13"
"Mexico","2018","Both Sexes","030280","Tulancingo","Urban agglomeration","272228.073011399","13"
"Mexico","2018","Both Sexes","030290","Túxpan de Rodríguez Cano","Urban agglomeration","118893.928218149","13"
"Mexico","2018","Both Sexes","030300","Tuxtla Gutiérrez","Urban agglomeration","853518.480647792","13"
"Mexico","2018","Both Sexes","030310","Uruapan","Urban agglomeration","301766.045768556","13"
"Mexico","2018","Both Sexes","030330","Veracruz","Urban agglomeration","906975.927132464","13"
"Mexico","2018","Both Sexes","030370","Villahermosa","Urban agglomeration","851925.174253844","13"
"Mexico","2018","Both Sexes","030380","Xalapa","Urban agglomeration","787443.375272472","13"
"Mexico","2018","Both Sexes","030410","Zacatecas-Guadalupe","Urban agglomeration","377667.629049947","13"
"Mexico","2018","Both Sexes","030420","Zamora-Jacona","Urban agglomeration","266903.906690486","13"
"Mongolia","2018","Both Sexes","030411","Orkhon","City proper","104992",""
"Mongolia","2018","Both Sexes","030442","Bayan-Olgii","City proper","103847",""
"Mongolia","2018","Both Sexes","030443","Darkhan-Uul","City proper","104999",""
"Mongolia","2018","Both Sexes","030445","Hovsgol","City proper","132763",""
"Mongolia","2018","Both Sexes","030446","Ovorhangay","City proper","116105",""
"Mongolia","2018","Both Sexes","030448","Selenge","City proper","110504",""
"Mongolia","2018","Both Sexes","030450","ULAANBAATAR","City proper","1477174",""
"New Zealand","2018","Both Sexes","031410","Auckland","City proper","1695900","14,15,16"
"New Zealand","2018","Both Sexes","031420","Christchurch","City proper","388500","14,15,16"
"New Zealand","2018","Both Sexes","031420","Christchurch","Urban agglomeration","404600","14,15,16"
"New Zealand","2018","Both Sexes","031430","Dunedin","City proper","130700","14,15,16"
"New Zealand","2018","Both Sexes","031440","Hamilton","City proper","169300","14,15,16"
"New Zealand","2018","Both Sexes","031440","Hamilton","Urban agglomeration","241200","14,15,16"
"New Zealand","2018","Both Sexes","031450","Lower Hutt","City proper","105900","14,15,16"
"New Zealand","2018","Both Sexes","031470","Napier-Hastings","Urban agglomeration","134500","14,15,16"
"New Zealand","2018","Both Sexes","031490","Tauranga","City proper","135000","14,15,16"
"New Zealand","2018","Both Sexes","031490","Tauranga","Urban agglomeration","141600","14,15,16"
"New Zealand","2018","Both Sexes","031520","WELLINGTON","City proper","216300","14,15,16"
"New Zealand","2018","Both Sexes","031520","WELLINGTON","Urban agglomeration","418500","14,15,16"
"Panama","2018","Both Sexes","033040","Ciudad de Colon","City proper","41019","17"
"Panama","2018","Both Sexes","033060","CIUDAD DE PANAMÁ","City proper","481993","17"
"Panama","2018","Both Sexes","033060","CIUDAD DE PANAMÁ","Urban agglomeration","1107085","17"
"Panama","2018","Both Sexes","033070","San Miguelito","City proper","370009","17"
"San Marino","2018","Both Sexes","036960","SAN MARINO","City proper","4127",""
"Singapore","2018","Both Sexes","037500","SINGAPORE","City proper","5638676","18,19"
"Ukraine","2018","Both Sexes","040910","Alchevsk","City proper","107542",""
"Ukraine","2018","Both Sexes","040930","Bila Tserkva","City proper","205247",""
"Ukraine","2018","Both Sexes","040940","Berdyansk","City proper","111955",""
"Ukraine","2018","Both Sexes","040940","Berdyansk","Urban agglomeration","114999",""
"Ukraine","2018","Both Sexes","040950","Cherkasy","City proper","275469",""
"Ukraine","2018","Both Sexes","040950","Cherkasy","Urban agglomeration","276363",""
"Ukraine","2018","Both Sexes","040960","Chernihiv","City proper","283579",""
"Ukraine","2018","Both Sexes","040970","Chernivtsi","City proper","261924",""
"Ukraine","2018","Both Sexes","040980","Dniprodzerzhynsk","City proper","234516",""
"Ukraine","2018","Both Sexes","040980","Dniprodzerzhynsk","Urban agglomeration","241432",""
"Ukraine","2018","Both Sexes","040990","Dnepropetrovsk","City proper","990381",""
"Ukraine","2018","Both Sexes","040990","Dnepropetrovsk","Urban agglomeration","992812",""
"Ukraine","2018","Both Sexes","041000","Donets'k","City proper","910252",""
"Ukraine","2018","Both Sexes","041000","Donets'k","Urban agglomeration","926086",""
"Ukraine","2018","Both Sexes","041010","Enakievo (Yenakievo)","City proper","78867",""
"Ukraine","2018","Both Sexes","041010","Enakievo (Yenakievo)","Urban agglomeration","106873",""
"Ukraine","2018","Both Sexes","041030","Gorlivka","City proper","243536",""
"Ukraine","2018","Both Sexes","041030","Gorlivka","Urban agglomeration","260223",""
"Ukraine","2018","Both Sexes","041040","Ivano-Frankivsk","City proper","232502",""
"Ukraine","2018","Both Sexes","041040","Ivano-Frankivsk","Urban agglomeration","254696",""
"Ukraine","2018","Both Sexes","041055","Kamenets Podolsky","City proper","99577",""
"Ukraine","2018","Both Sexes","041070","Kharkiv","City proper","1430515",""
"Ukraine","2018","Both Sexes","041080","Kherson","City proper","287826",""
"Ukraine","2018","Both Sexes","041080","Kherson","Urban agglomeration","324888",""
"Ukraine","2018","Both Sexes","041090","Khmelnitsky (Hmilnyk)","City proper","265583",""
"Ukraine","2018","Both Sexes","041100","KYIV","City proper","2893215",""
"Ukraine","2018","Both Sexes","041110","Kirovograd","City proper","225489",""
"Ukraine","2018","Both Sexes","041110","Kirovograd","Urban agglomeration","233509",""
"Ukraine","2018","Both Sexes","041140","Kramatorsk","City proper","155155",""
"Ukraine","2018","Both Sexes","041140","Kramatorsk","Urban agglomeration","188096",""
"Ukraine","2018","Both Sexes","041150","Krasny Lutch","City proper","80602",""
"Ukraine","2018","Both Sexes","041150","Krasny Lutch","Urban agglomeration","120539",""
"Ukraine","2018","Both Sexes","041160","Krementchug","City proper","220271",""
"Ukraine","2018","Both Sexes","041170","Krivoy Rog","City proper","628181",""
"Ukraine","2018","Both Sexes","041170","Krivoy Rog","Urban agglomeration","630941",""
"Ukraine","2018","Both Sexes","041180","Lugansk","City proper","403254",""
"Ukraine","2018","Both Sexes","041180","Lugansk","Urban agglomeration","429077",""
"Ukraine","2018","Both Sexes","041190","Luts'k","City proper","213422",""
"Ukraine","2018","Both Sexes","041200","Lviv","City proper","720105",""
"Ukraine","2018","Both Sexes","041200","Lviv","Urban agglomeration","750044",""
"Ukraine","2018","Both Sexes","041210","Lysychansk","City proper","97935",""
"Ukraine","2018","Both Sexes","041210","Lysychansk","Urban agglomeration","112489",""
"Ukraine","2018","Both Sexes","041220","Makijivka","City proper","343102",""
"Ukraine","2018","Both Sexes","041220","Makijivka","Urban agglomeration","380789",""
"Ukraine","2018","Both Sexes","041230","Mariupol","City proper","441098",""
"Ukraine","2018","Both Sexes","041230","Mariupol","Urban agglomeration","462319",""
"Ukraine","2018","Both Sexes","041240","Melitopol","City proper","153839",""
"Ukraine","2018","Both Sexes","041250","Nikolaev","City proper","481760",""
"Ukraine","2018","Both Sexes","041260","Nikopol","City proper","114156",""
"Ukraine","2018","Both Sexes","041270","Odessa","City proper","993831",""
"Ukraine","2018","Both Sexes","041280","Pavlograd","City proper","107127",""
"Ukraine","2018","Both Sexes","041290","Poltava","City proper","282523",""
"Ukraine","2018","Both Sexes","041300","Rivne","City proper","243152",""
"Ukraine","2018","Both Sexes","041330","Sievierodonetsk","City proper","104828",""
"Ukraine","2018","Both Sexes","041330","Sievierodonetsk","Urban agglomeration","115013",""
"Ukraine","2018","Both Sexes","041350","Slovyansk","City proper","109374",""
"Ukraine","2018","Both Sexes","041350","Slovyansk","Urban agglomeration","112479",""
"Ukraine","2018","Both Sexes","041360","Stakhanov","City proper","75118",""
"Ukraine","2018","Both Sexes","041360","Stakhanov","Urban agglomeration","89025",""
"Ukraine","2018","Both Sexes","041370","Sumy","City proper","263681",""
"Ukraine","2018","Both Sexes","041370","Sumy","Urban agglomeration","266550",""
"Ukraine","2018","Both Sexes","041380","Ternopil","City proper","217171",""
"Ukraine","2018","Both Sexes","041390","Uzhhorod","City proper","112436",""
"Ukraine","2018","Both Sexes","041400","Vinnitsa","City proper","370017",""
"Ukraine","2018","Both Sexes","041410","Zaporozhye","City proper","741496",""
"Ukraine","2018","Both Sexes","041420","Zhytomyr","City proper","265679",""
"Uruguay","2018","Both Sexes","048790","MONTEVIDEO","City proper","1381946.48006258","13,20"
"Uzbekistan","2018","Both Sexes","048830","Almalyk","Urban agglomeration","127468","9"
"Uzbekistan","2018","Both Sexes","048840","Andizhan","City proper","427447","9"
"Uzbekistan","2018","Both Sexes","048850","Angren","Urban agglomeration","183563","9"
"Uzbekistan","2018","Both Sexes","048860","Jizzax","City proper","171734","9"
"Uzbekistan","2018","Both Sexes","048870","Bukhara","City proper","276433","9"
"Uzbekistan","2018","Both Sexes","048880","Chirchik","Urban agglomeration","154584","9"
"Uzbekistan","2018","Both Sexes","048890","Fergana","City proper","278510","9"
"Uzbekistan","2018","Both Sexes","048900","Karshi","City proper","267561","9"
"Uzbekistan","2018","Both Sexes","048910","Kokand","Urban agglomeration","245509","9"
"Uzbekistan","2018","Both Sexes","048920","Margilan","Urban agglomeration","201669","9"
"Uzbekistan","2018","Both Sexes","048930","Namangan","City proper","600209","9"
"Uzbekistan","2018","Both Sexes","048940","Navoi","City proper","135548","9"
"Uzbekistan","2018","Both Sexes","048950","Nukus","City proper","310945","9"
"Uzbekistan","2018","Both Sexes","048960","Samarkand","City proper","529633","9"
"Uzbekistan","2018","Both Sexes","048965","Shahrisabz","Urban agglomeration","134531","9"
"Uzbekistan","2018","Both Sexes","048970","TASHKENT","City proper","2464933","9"
"Uzbekistan","2018","Both Sexes","048980","Termez","City proper","143790","9"
"Uzbekistan","2018","Both Sexes","048990","Urgentch","City proper","140180","9"

"footnoteSeqID","Footnote"
"1","Population statistics are compiled from registers."
"2","The “City proper” uses the geographic definition of Census Subdivision (CSD): Census subdivision (CSD) is the general term for municipalities (as determined by provincial/territorial legislation) or areas treated as municipal equivalents for statistical purposes. The “Urban Agglomeration” uses the geographic definition of Census Metropolitan Area\Census Agglomeration (CMA\CA)."
"3","Adjusted for census net undercoverage (including adjustment for incompletely enumerated Indian reserves)."
"4","Preliminary postcensal estimates."
"5","Data is based on estimates and population projections."
"6","Data refers to "cantons" rather than to cities."
"7","Excluding Faeroe Islands and Greenland shown separately, if available."
"8","Data based on the 2011 Census."
"9","Data refer to resident population."
"10","Estimates based on the adjusted results of the Population and Housing Census of 2010."
"11","Data refer to resident population which includes resident Maldivians and resident foreigners."
"12","Excludes the islands of St. Brandon and Agalega."
"13","Data refer to national projections."
"14","Because of rounding, totals are not in all cases the sum of the respective components."
"15","1. Land area excludes inlet, inland water and oceanic areas. 
2. A city is a territorial authority which is a distinct entity, is predominantly urban in character, has a minimum population of 50,000 and is a major centre of activity within its parent region.  
3. Urban agglomerations refer to main urban areas that are centres with populations of 30,000 or more. Since 2011 Auckland includes Manukau city, North Shore city, and Waktakere city and Wellington urban area includes Lower Hutt. Napier-Hastings consist of two separate territorial authorities. Napier is a city, while Hastings is a district based on the New Zealand Standard Areas Classification."
"16","Intercensal estimates."
"17","Data based on the 2010 Population Census."
"18","Data refer to total population, which comprises Singapore residents and non-residents."
"19","Data exclude residents who have been away from Singapore for a continuous period of 12 months or longer as at the reference date."
"20","Data refer to the department of Montevideo."
